"타임스탬프","1. 최근 1년 내에 예적금·주식·펀드 등 자산을 어떻게 나눌지에 대한 구체적인 제안이나 조언을 받은 적이 있나요? 받았다면 어디서였나요? (은행/증권사 앱, 유튜브·블로그, 지인, 유료 상담, 커뮤니티, 받은 적 없음 — 복수선택)","2. (1에서 받은 적 있는 분만) 그 제안을 받고 실제로 어떻게 행동했나요? (제안대로 전부 실행 / 일부만 실행 / 실행 안 함 / 기억 안 남)","3. (2에서 일부/미실행 응답자만) 실행하지 않은 가장 큰 이유를 구체적으로 적어주세요. ""그냥 귀찮아서""도 유효한 답입니다.","4. 그 제안을 따를지 말지 판단하기 위해 추가로 한 행동이 있나요? (다른 곳에 검색해봄 / 지인에게 물어봄 / 뉴스·시황을 찾아봄 / 아무것도 안 함 / 기타) ","5. (4에서 추가 행동을 한 분만) 그 확인 과정에 대략 얼마나 시간을 썼고, 원하는 확신을 얻었나요? (10분 내 확신 얻음 / 1시간 이상 걸림 / 며칠 걸림 / 결국 확신 못 얻음) ","6. 최근 1년 내 재무 관련 결정을 하면서 ""지금 시장 상황에서 이게 맞는 건가""라는 생각이 들었던 가장 최근의 순간을 떠올려주세요. 그때 실제로 무엇을 했는지 순서대로 적어주세요.","7. 자산관리·재무 관련 서비스에 실제로 돈을 지불한 적이 있나요? (유료 상담, 앱 구독, 유료 리포트 등 — 있다면 무엇에 대략 얼마)","8. 은행·증권사 앱이 제시하는 추천 상품이나 포트폴리오를 보고 그대로 가입/매수한 마지막 경험이 있나요? 없다면, 앱 추천을 보고도 넘긴 이유는 무엇이었나요?","1. 마지막으로 매수 또는 매도 결정을 내렸을 때, 결정 직전 30분 동안 실제로 한 행동을 순서대로 적어주세요. ""그냥 샀다""도 유효한 답입니다. ","2. 그 결정 전에 확인한 정보의 출처를 모두 선택해주세요. (증권사 리포트, 뉴스 기사, 유튜브, 커뮤니티/단톡방, 공시, 차트만 봄, 아무것도 안 봄)","3. 최근 3개월 내에 투자 관련 정보를 접하고 ""이게 사실인가/최신 정보인가"" 의심스러웠던 순간이 있었나요? 있었다면 그때 실제로 어떻게 했나요? (그냥 믿음 / 다른 출처와 교차확인 / 원문·공시를 직접 찾아봄 / 판단 보류함 / 기타) ","4. (3에서 교차확인한 분만) 그 확인에 시간이 얼마나 걸렸고, 결론을 내릴 수 있었나요?","5. 최근 3개월 내에 나중에 사실이 아니거나 이미 낡은 정보로 판명된 것을 근거로 투자 판단을 내린 경험이 있나요? 있다면 구체적으로 어떤 상황이었나요?","6. 보유 종목이나 관심 자산에 대한 뉴스·시황을 확인하는 본인만의 루틴이 있나요? 있다면 무엇을 얼마나 자주, 없다면 없다고 적어주세요.","7. 투자 판단에 도움받으려고 직접 만들어 쓰는 방법이 있나요? (엑셀 정리, 메모, 뉴스 스크랩, 단톡방 운영, 알림 설정 등 — 구체적으로)","8. 투자 정보에 돈을 지불한 경험이 있나요? (유료 리포트, 데이터 서비스, 앱 구독 등 — 리딩방 제외, 있다면 무엇에 얼마) ","1. 청년·근로자 대상 금융지원 제도(청년도약계좌, 청약 혜택, 전세대출 지원 등) 중 실제로 신청까지 해본 것이 있나요? (복수선택 + 없음)","2. (신청 경험자만) 자격 요건 확인부터 신청 완료까지 실제로 걸린 시간은 대략 얼마였나요? 그중 가장 오래 걸린 단계는 무엇이었나요?","3. 제도 정보를 찾다가 블로그·커뮤니티 글의 내용이 현재 기준과 달라서 헛걸음한 경험이 있나요? 있었다면 구체적으로요.","4. ""나에게 해당되는 제도인 줄 몰라서 기한을 놓쳤다""는 걸 나중에 알게 된 경험이 있나요? 있다면 무엇이었고, 어떻게 알게 됐나요?","5. 제도의 자격 요건이 내 상황에 해당하는지 확신이 안 섰을 때, 실제로 어떻게 확인했나요? (공식 사이트 원문 정독 / 콜센터 전화 / 커뮤니티에 질문 / 지인 / 그냥 신청해봄 / 포기함)","6. 마지막으로 이런 제도 정보를 찾아봤을 때 어디서 시작해서 어디서 끝났는지 경로를 순서대로 적어주세요.","7. 제도·정책 정보를 정기적으로 받아보는 채널이 있나요? (뉴스레터, 카페 알림, 공식 앱 등 — 없으면 없음)","8. 제도 신청을 시작했다가 중도 포기한 경험이 있나요? 있다면 어느 단계에서, 왜였나요?"
"2026/09/16 7:14:37 오후 GMT+9","유튜브","일부만 실행","믿음직스럽지 않아서","백테스트를 돌려봄","2시간","호르무즈 해협 봉쇄로 코스피가 폭락할 때 17만원에 삼성전자가 더 떨어질까봐 팔았는데 30만원까지 쭉 올랐다.","없음","없음, 본 적도 없음.","그냥 샀다.","유튜브","그냥 믿음","","클래리티 법안 통과 여부를 보고 부정적인 시각에서 이더리움 숏을 쳤다.","차트를 가끔 본다.","디퓨전 모델을 학습시켜서 포트폴리오 최적화 알고리즘으로 포트폴리오를 만들었다.","없음.","없음.","","없음.","찾아보지 않음.","찾아보지 않음.","찾아보지 않음.","없음.","없음."
"2026/09/19 6:35:13 오후 GMT+9","지인","제안대로 실행","","지인에게 물어봄 , 검색","10분내","없어요","없어요","거짓같아서","그냥샀어요","유튜브 , 기사","그냥믿음",".","없어요","없어요","없어요","없어요","없어요",".","없어요","없어요","콜센터 전화","인터넷","없어요","없어요"
"2026/09/19 6:42:09 오후 GMT+9","지인","일부만 실행","지인 의견에 모두 동의할 수 없어서","뉴스 시황","며칠 걸림","","","","","","","","","없음","없음","없음","없음","","없음","","그냥 신청해봄","지인, 유튜브>지인, 유튜브 ㅋ","없음",""
"2026/09/20 9:28:50 오후 GMT+9","받은 적 없음","","","","","청년희망적금에 가입할 때, 여유자금이 별로 없어서 고민했었음. 우선 가입을 했음","해당사항 없음","해당사항 없음","","","","","","없음","없음","없음","청년희망적금","약 7~10분, 계좌 개설","","","","","없음",""
"2026/09/20 9:34:18 오후 GMT+9","아니오","","","","","","아니오","","그냥 샀다","뉴스 기사, 유튜브","","","","유튜브 채널 구독","알림 설정","없음","청년도약계좌","1달","","","","","없음","아니오"
"2026/09/21 9:59:41 오후 GMT+9","유튜브","귀찮아서 안함","귀찮아서","아무것도 안함","확신을 못없음","추가행동안함","없음","충분한 시드가 없어서","안삼","안봄","삼성급등","판단불가","없음 ","없음","없음","없음","Lh전세대출, 집세지원","2달정도 대상자 선정부터 집계약까지","없음","없음","안함","Gpt분석","유튜브 슈카월드보기","없음"
"2026/09/28 10:38:40 오전 GMT+9","없음","","","","","없음","없음","없음, 투자는알아서","그냥샀다","리포트 차트","공시","5분.네","없다","지피티","알림설정","없다","없다","","없다","없다","없다","","없다","없다"
"2026/09/28 10:55:51 오전 GMT+9","받은 적 없음","","","아무것도 안 함","","주식이나 코인이 많이 올랐을 때","없음","없음","그냥 샀다","아무것도 안 봄","없음","","없음","없음","없음","없음","없음","","없음","","공식 사이트 원문 정독 또는 쳇 지피티","지인 소개","없음","없음"
"2026/09/29 2:04:44 오후 GMT+9","없습니다","","그냥 귀찮아서","지인에게 물어봄","1시간 이상 걸림","없습니다","없습니다","없습니다","1년치 주식 그래프를 본다","차트만 봄","다른 출처와 교차 확인","10분 걸렸음. 상황마다 다름","없습니다","없습니다","없습니다","없습니다","없습니다","","없습니다","청년월세지원","포기함","","없습니다","없습니다"
"2026/09/30 3:49:42 오후 GMT+9","챗gpt와 같은 생성형 ai와 이야기를 나눈적이 있으며, 부모님과 논의했다.","아직 실행하진 않았고, 다양한 조언을 구하는중.","확신이 들지않았기때문.","없음.","","목돈을 예금에 넣어서 묶어두는 행위가 맞나 라는 생각을했음.","아니요.","없음","없음","유튜브, 커뮤니티","없음","","없음","뉴스 혹은 유튜브를 확인","없음","없음","없음.","","없음","없음","지인, 공식사이트 원문 정독","","유튜브 커뮤니티","없음"